line_item_name,value,unit,period,source_file
Total gross margin,195201.0,Millions (USD),FY,AAPL_2025.htm
Total gross margin percentage,46.9,Millions (USD),FY,AAPL_2025.htm
Total net sales,416161.0,Millions (USD),FY,AAPL_2025.htm
Total cost of sales,220960.0,Millions (USD),FY,AAPL_2025.htm
Gross margin,195201.0,Millions (USD),FY,AAPL_2025.htm
Total operating expenses,62151.0,Millions (USD),FY,AAPL_2025.htm
Operating income,133050.0,Millions (USD),FY,AAPL_2025.htm
Net income,112010.0,Millions (USD),FY,AAPL_2025.htm
Change in fair value of marketable debt securities,817.0,Millions (USD),FY,AAPL_2025.htm
Adjustment for net (gains)/losses realized and included in net income,414.0,Millions (USD),FY,AAPL_2025.htm
Total change in unrealized gains/losses on marketable debt securities,1231.0,Millions (USD),FY,AAPL_2025.htm
Cash and cash equivalents,35934.0,Millions (USD),FY,AAPL_2025.htm
Marketable securities,18763.0,Millions (USD),FY,AAPL_2025.htm
Marketable securities,77723.0,Millions (USD),FY,AAPL_2025.htm
Total assets,359241.0,Millions (USD),FY,AAPL_2025.htm
Deferred revenue,9055.0,Millions (USD),FY,AAPL_2025.htm
Term debt,12350.0,Millions (USD),FY,AAPL_2025.htm
Term debt,78328.0,Millions (USD),FY,AAPL_2025.htm
"Cash, cash equivalents, and restricted cash and cash equivalents, beginning balances",29943.0,Millions (USD),FY,AAPL_2025.htm
Proceeds from maturities of marketable securities,40907.0,Millions (USD),FY,AAPL_2025.htm
Proceeds from sales of marketable securities,12890.0,Millions (USD),FY,AAPL_2025.htm
"Proceeds from issuance of term debt, net",4481.0,Millions (USD),FY,AAPL_2025.htm
"Increase/(Decrease) in cash, cash equivalents, and restricted cash and cash equivalents",5991.0,Millions (USD),FY,AAPL_2025.htm
"Cash, cash equivalents, and restricted cash and cash equivalents, ending balances",35934.0,Millions (USD),FY,AAPL_2025.htm
Portion of total net sales that was included in deferred revenue as of the beginning of the period,8229.0,Millions (USD),FY,AAPL_2025.htm
Weighted-average diluted shares,15004697.0,Millions (USD),FY,AAPL_2025.htm
Basic earnings per share,7.49,Millions (USD),FY,AAPL_2025.htm
Diluted earnings per share,7.46,Millions (USD),FY,AAPL_2025.htm
Corporate debt securities,47210.0,Millions (USD),FY,AAPL_2025.htm
Corporate debt securities,65622.0,Millions (USD),FY,AAPL_2025.htm
Deferred revenue,2953.0,Millions (USD),FY,AAPL_2025.htm
Net sales,178353.0,Millions (USD),FY,AAPL_2025.htm
Operating income/(loss),72480.0,Millions (USD),FY,AAPL_2025.htm
Net sales,167045.0,Millions (USD),FY,AAPL_2025.htm
Operating income/(loss),67656.0,Millions (USD),FY,AAPL_2025.htm
Net sales,162560.0,Millions (USD),FY,AAPL_2025.htm
Operating income/(loss),60508.0,Millions (USD),FY,AAPL_2025.htm
Cost of sales,326288.0,Millions (USD),FY,AMZN_2026.htm
Sales and marketing,43907.0,Millions (USD),FY,AMZN_2026.htm
Total operating expenses,569366.0,Millions (USD),FY,AMZN_2026.htm
Cost of sales,7.0,Millions (USD),FY,AMZN_2026.htm
Sales and marketing,-1.0,Millions (USD),FY,AMZN_2026.htm
Cost of sales,51.1,Millions (USD),FY,AMZN_2026.htm
Sales and marketing,6.9,Millions (USD),FY,AMZN_2026.htm
"Purchases of property and equipment, net of proceeds from sales and incentives",-77658.0,Millions (USD),FY,AMZN_2026.htm
Free cash flow,38219.0,Millions (USD),FY,AMZN_2026.htm
Net sales,637959.0,Millions (USD),FY,AMZN_2026.htm
Operating expenses,569366.0,Millions (USD),FY,AMZN_2026.htm
Operating income,68593.0,Millions (USD),FY,AMZN_2026.htm
Corporate debt securities,63890.0,Millions (USD),FY,AMZN_2026.htm
Cash equivalents and marketable debt securities,106493.0,Millions (USD),FY,AMZN_2026.htm
Net income,30425.0,Millions (USD),FY,AMZN_2026.htm
Unearned revenue,4578.0,Millions (USD),FY,AMZN_2026.htm
Proceeds from property and equipment sales and incentives,4596.0,Millions (USD),FY,AMZN_2026.htm
Sales and maturities of marketable securities,5627.0,Millions (USD),FY,AMZN_2026.htm
"Proceeds from short-term debt, and other",18129.0,Millions (USD),FY,AMZN_2026.htm
Proceeds from long-term debt,15673.0,Millions (USD),FY,AMZN_2026.htm
Net product sales,255887.0,Millions (USD),FY,AMZN_2026.htm
Net service sales,318898.0,Millions (USD),FY,AMZN_2026.htm
Total net sales,574785.0,Millions (USD),FY,AMZN_2026.htm
Cost of sales,304739.0,Millions (USD),FY,AMZN_2026.htm
Sales and marketing,44370.0,Millions (USD),FY,AMZN_2026.htm
Total operating expenses,537933.0,Millions (USD),FY,AMZN_2026.htm
Operating income,36852.0,Millions (USD),FY,AMZN_2026.htm
Total non-operating income,705.0,Millions (USD),FY,AMZN_2026.htm
Basic earnings per share,2.95,Millions (USD),FY,AMZN_2026.htm
Diluted earnings per share,2.9,Millions (USD),FY,AMZN_2026.htm
Cash and cash equivalents,78779.0,Millions (USD),FY,AMZN_2026.htm
Marketable securities,22423.0,Millions (USD),FY,AMZN_2026.htm
Total assets,624894.0,Millions (USD),FY,AMZN_2026.htm
Unearned revenue,18103.0,Millions (USD),FY,AMZN_2026.htm
Long-term debt,52623.0,Millions (USD),FY,AMZN_2026.htm
Retained earnings,172866.0,Millions (USD),FY,AMZN_2026.htm
Net income,59248.0,Millions (USD),FY,AMZN_2026.htm
Net income,77670.0,Millions (USD),FY,AMZN_2026.htm
"Cash paid for interest on debt, net of capitalized interest",2608.0,Millions (USD),FY,AMZN_2026.htm
"Reclassification adjustments for gains (losses) on available-for-sale debt securities, net",5600.0,Millions (USD),FY,AMZN_2026.htm
Corporate debt securities,50959.0,Millions (USD),FY,AMZN_2026.htm
"Total cash, cash equivalents, and marketable securities",101202.0,Millions (USD),FY,AMZN_2026.htm
Corporate debt securities,69542.0,Millions (USD),FY,AMZN_2026.htm
"Total cash, cash equivalents, and marketable securities",123029.0,Millions (USD),FY,AMZN_2026.htm
Long-term debt principal and interest,5201.0,Millions (USD),FY,AMZN_2026.htm
Net sales,352828.0,Millions (USD),FY,AMZN_2026.htm
Operating expenses,337951.0,Millions (USD),FY,AMZN_2026.htm
Operating income,14877.0,Millions (USD),FY,AMZN_2026.htm
Net sales,131200.0,Millions (USD),FY,AMZN_2026.htm
Operating expenses,133856.0,Millions (USD),FY,AMZN_2026.htm
Operating income (loss),3792.0,Millions (USD),FY,AMZN_2026.htm
Net sales,90757.0,Millions (USD),FY,AMZN_2026.htm
Operating expenses,66126.0,Millions (USD),FY,AMZN_2026.htm
Operating income,24631.0,Millions (USD),FY,AMZN_2026.htm
Net sales,574785.0,Millions (USD),FY,AMZN_2026.htm
Operating expenses,537933.0,Millions (USD),FY,AMZN_2026.htm
Consolidated revenues,350018.0,Millions (USD),FY,GOOGL_2026.htm
Cost of revenues,146306.0,Millions (USD),FY,GOOGL_2026.htm
Operating expenses,91322.0,Millions (USD),FY,GOOGL_2026.htm
Operating income,112390.0,Millions (USD),FY,GOOGL_2026.htm
Operating margin,32.0,Millions (USD),FY,GOOGL_2026.htm
Net income,100118.0,Millions (USD),FY,GOOGL_2026.htm
Diluted net income per share (1),8.04,Millions (USD),FY,GOOGL_2026.htm
Total revenues,350018.0,Millions (USD),FY,GOOGL_2026.htm
Other cost of revenues,91406.0,Millions (USD),FY,GOOGL_2026.htm
Total cost of revenues,146306.0,Millions (USD),FY,GOOGL_2026.htm
Total cost of revenues as a percentage of revenues,42.0,Millions (USD),FY,GOOGL_2026.htm
Research and development expenses as a percentage of revenues,14.0,Millions (USD),FY,GOOGL_2026.htm
Sales and marketing expenses,27808.0,Millions (USD),FY,GOOGL_2026.htm
Sales and marketing expenses as a percentage of revenues,8.0,Millions (USD),FY,GOOGL_2026.htm
General and administrative expenses as a percentage of revenues,4.0,Millions (USD),FY,GOOGL_2026.htm
Interest expense,-268.0,Millions (USD),FY,GOOGL_2026.htm
"Gain (loss) on debt securities, net",-1043.0,Millions (USD),FY,GOOGL_2026.htm
Cash flow hedges of foreign currency revenue (2),1627.0,Millions (USD),FY,GOOGL_2026.htm
Cash and cash equivalents,23466.0,Millions (USD),FY,GOOGL_2026.htm
Marketable securities,72191.0,Millions (USD),FY,GOOGL_2026.htm
"Total cash, cash equivalents, and marketable securities",95657.0,Millions (USD),FY,GOOGL_2026.htm
Non-marketable securities,37982.0,Millions (USD),FY,GOOGL_2026.htm
Total assets,450256.0,Millions (USD),FY,GOOGL_2026.htm
Accrued revenue share,9802.0,Millions (USD),FY,GOOGL_2026.htm
Deferred revenue,5036.0,Millions (USD),FY,GOOGL_2026.htm
Long-term debt,10883.0,Millions (USD),FY,GOOGL_2026.htm
Retained earnings,245084.0,Millions (USD),FY,GOOGL_2026.htm
Revenues,307394.0,Millions (USD),FY,GOOGL_2026.htm
Cost of revenues,133332.0,Millions (USD),FY,GOOGL_2026.htm
Sales and marketing,27917.0,Millions (USD),FY,GOOGL_2026.htm
Net income,73795.0,Millions (USD),FY,GOOGL_2026.htm
Basic net income per share (Note 12),5.84,Millions (USD),FY,GOOGL_2026.htm
Diluted net income per share (Note 12),5.8,Millions (USD),FY,GOOGL_2026.htm
Less: reclassification adjustment for net (gains) losses included in net income,1168.0,Millions (USD),FY,GOOGL_2026.htm
Less: reclassification adjustment for net (gains) losses included in net income,164.0,Millions (USD),FY,GOOGL_2026.htm
Net income,0.0,Millions (USD),FY,GOOGL_2026.htm
"Loss (gain) on debt and equity securities, net",823.0,Millions (USD),FY,GOOGL_2026.htm
Accrued revenue share,482.0,Millions (USD),FY,GOOGL_2026.htm
Deferred revenue,525.0,Millions (USD),FY,GOOGL_2026.htm
Maturities and sales of marketable securities,86672.0,Millions (USD),FY,GOOGL_2026.htm
Maturities and sales of non-marketable securities,947.0,Millions (USD),FY,GOOGL_2026.htm
"Proceeds from issuance of debt, net of costs",10790.0,Millions (USD),FY,GOOGL_2026.htm
Effect of exchange rate changes on cash and cash equivalents,208.0,Millions (USD),FY,GOOGL_2026.htm
Net increase (decrease) in cash and cash equivalents,2169.0,Millions (USD),FY,GOOGL_2026.htm
Cash and cash equivalents at beginning of period,21879.0,Millions (USD),FY,GOOGL_2026.htm
Cash and cash equivalents at end of period,24048.0,Millions (USD),FY,GOOGL_2026.htm
Total revenues,307394.0,Millions (USD),FY,GOOGL_2026.htm
Corporate debt securities,0.0,Millions (USD),FY,GOOGL_2026.htm
Total cash and cash equivalents,8154.0,Millions (USD),FY,GOOGL_2026.htm
Total marketable securities,4708.0,Millions (USD),FY,GOOGL_2026.htm
Total cash and cash equivalents,11349.0,Millions (USD),FY,GOOGL_2026.htm
Total marketable securities,4402.0,Millions (USD),FY,GOOGL_2026.htm
Corporate debt securities,18300.0,Millions (USD),FY,GOOGL_2026.htm
Corporate debt securities,18346.0,Millions (USD),FY,GOOGL_2026.htm
Unrealized gain (loss) on fair value option debt securities,386.0,Millions (USD),FY,GOOGL_2026.htm
Gross realized gain on debt securities,182.0,Millions (USD),FY,GOOGL_2026.htm
"Total gain (loss) on debt securities recognized in other income (expense), net",540.0,Millions (USD),FY,GOOGL_2026.htm
Foreign currency-denominated debt,0.0,Millions (USD),FY,GOOGL_2026.htm
"Gain (loss) on debt securities, net",540.0,Millions (USD),FY,GOOGL_2026.htm
Net income,34601.0,Millions (USD),FY,GOOGL_2026.htm
Basic net income per share,5.84,Millions (USD),FY,GOOGL_2026.htm
Net income,39438.0,Millions (USD),FY,GOOGL_2026.htm
Diluted net income per share,5.8,Millions (USD),FY,GOOGL_2026.htm
Net income,47594.0,Millions (USD),FY,GOOGL_2026.htm
Basic net income per share,8.13,Millions (USD),FY,GOOGL_2026.htm
Net income,54113.0,Millions (USD),FY,GOOGL_2026.htm
Diluted net income per share,8.05,Millions (USD),FY,GOOGL_2026.htm
Net income,63514.0,Millions (USD),FY,GOOGL_2026.htm
Basic net income per share,10.91,Millions (USD),FY,GOOGL_2026.htm
Net income,72147.0,Millions (USD),FY,GOOGL_2026.htm
Diluted net income per share,10.82,Millions (USD),FY,GOOGL_2026.htm
Revenue,331839.0,Millions (USD),FY,MSFT_2026.htm
Gross margin,225465.0,Millions (USD),FY,MSFT_2026.htm
Operating income,155237.0,Millions (USD),FY,MSFT_2026.htm
Net income,133749.0,Millions (USD),FY,MSFT_2026.htm
Diluted earnings per share,17.95,Millions (USD),FY,MSFT_2026.htm
Adjusted net income (non-GAAP),128786.0,Millions (USD),FY,MSFT_2026.htm
Adjusted diluted earnings per share (non-GAAP),17.28,Millions (USD),FY,MSFT_2026.htm
Revenue,139996.0,Millions (USD),FY,MSFT_2026.htm
Cost of revenue,25017.0,Millions (USD),FY,MSFT_2026.htm
Operating expenses,31100.0,Millions (USD),FY,MSFT_2026.htm
Operating income,83879.0,Millions (USD),FY,MSFT_2026.htm
Revenue,137791.0,Millions (USD),FY,MSFT_2026.htm
Cost of revenue,57876.0,Millions (USD),FY,MSFT_2026.htm
Operating expenses,22943.0,Millions (USD),FY,MSFT_2026.htm
Operating income,56972.0,Millions (USD),FY,MSFT_2026.htm
Revenue,54052.0,Millions (USD),FY,MSFT_2026.htm
Cost of revenue,23481.0,Millions (USD),FY,MSFT_2026.htm
Operating expenses,16185.0,Millions (USD),FY,MSFT_2026.htm
Operating income,14386.0,Millions (USD),FY,MSFT_2026.htm
Cost of revenue,106374.0,Millions (USD),FY,MSFT_2026.htm
Operating expenses,70228.0,Millions (USD),FY,MSFT_2026.htm
Sales and marketing,26710.0,Millions (USD),FY,MSFT_2026.htm
Interest expense,-3051.0,Millions (USD),FY,MSFT_2026.htm
Foreign currency – Revenue,-13653.0,Millions (USD),FY,MSFT_2026.htm
Total revenue,331839.0,Millions (USD),FY,MSFT_2026.htm
Total cost of revenue,106374.0,Millions (USD),FY,MSFT_2026.htm
Cash and cash equivalents,20935.0,Millions (USD),FY,MSFT_2026.htm
Total assets,758376.0,Millions (USD),FY,MSFT_2026.htm
Current portion of long-term debt,9227.0,Millions (USD),FY,MSFT_2026.htm
Short-term unearned revenue,72965.0,Millions (USD),FY,MSFT_2026.htm
Long-term debt,31067.0,Millions (USD),FY,MSFT_2026.htm
Long-term unearned revenue,2747.0,Millions (USD),FY,MSFT_2026.htm
Retained earnings,328265.0,Millions (USD),FY,MSFT_2026.htm
Unearned revenue,9361.0,Millions (USD),FY,MSFT_2026.htm
"Proceeds from issuance (repayments) of debt, maturities of 90 days or less, net",0.0,Millions (USD),FY,MSFT_2026.htm
Proceeds from issuance of debt,0.0,Millions (USD),FY,MSFT_2026.htm
Sales of investments,21798.0,Millions (USD),FY,MSFT_2026.htm
Effect of foreign exchange rates on cash and cash equivalents,63.0,Millions (USD),FY,MSFT_2026.htm
Net change in cash and cash equivalents,11927.0,Millions (USD),FY,MSFT_2026.htm
"Cash and cash equivalents, beginning of period",30242.0,Millions (USD),FY,MSFT_2026.htm
"Cash and cash equivalents, end of period",20935.0,Millions (USD),FY,MSFT_2026.htm
Net income available for common shareholders (A),133749.0,Millions (USD),FY,MSFT_2026.htm
Total debt investments,72170.0,Millions (USD),FY,MSFT_2026.htm
Total debt investments,85589.0,Millions (USD),FY,MSFT_2026.htm
Cash and cash equivalents,12976.0,Millions (USD),FY,MSFT_2026.htm
Revenue,247442.0,Millions (USD),FY,MSFT_2026.htm
Net income,88308.0,Millions (USD),FY,MSFT_2026.htm
Diluted earnings per share,11.82,Millions (USD),FY,MSFT_2026.htm
Unearned revenue,5515.0,Millions (USD),FY,MSFT_2026.htm
Book/tax basis differences in investments and debt,0.0,Millions (USD),FY,MSFT_2026.htm
Deferral of revenue,194184.0,Millions (USD),FY,MSFT_2026.htm
Tax expense (benefit) included in provision for income taxes,21.0,Millions (USD),FY,MSFT_2026.htm
Tax expense (benefit) included in provision for income taxes,4.0,Millions (USD),FY,MSFT_2026.htm
Revenue,215938.0,Millions (USD),FY,NVDA_2026.htm
Gross margin,71.1,Millions (USD),FY,NVDA_2026.htm
Operating expenses,23076.0,Millions (USD),FY,NVDA_2026.htm
Operating income,130387.0,Millions (USD),FY,NVDA_2026.htm
Net income,120067.0,Millions (USD),FY,NVDA_2026.htm
Net income per diluted share,4.9,Millions (USD),FY,NVDA_2026.htm
Revenue,100.0,Millions (USD),FY,NVDA_2026.htm
Cost of revenue,28.9,Millions (USD),FY,NVDA_2026.htm
Gross profit,71.1,Millions (USD),FY,NVDA_2026.htm
"Sales, general and administrative",2.1,Millions (USD),FY,NVDA_2026.htm
Total operating expenses,10.7,Millions (USD),FY,NVDA_2026.htm
Operating income,60.4,Millions (USD),FY,NVDA_2026.htm
Interest expense,-0.1,Millions (USD),FY,NVDA_2026.htm
Income tax expense,9.9,Millions (USD),FY,NVDA_2026.htm
Net income,55.6,Millions (USD),FY,NVDA_2026.htm
Interest expense,-259.0,Millions (USD),FY,NVDA_2026.htm
Cash and cash equivalents,10605.0,Millions (USD),FY,NVDA_2026.htm
Marketable securities,51951.0,Millions (USD),FY,NVDA_2026.htm
"Cash, cash equivalents, and marketable securities",62556.0,Millions (USD),FY,NVDA_2026.htm
Cost of revenue,62475.0,Millions (USD),FY,NVDA_2026.htm
Gross profit,153463.0,Millions (USD),FY,NVDA_2026.htm
"Sales, general and administrative",4579.0,Millions (USD),FY,NVDA_2026.htm
Total operating expenses,23076.0,Millions (USD),FY,NVDA_2026.htm
Income tax expense,21383.0,Millions (USD),FY,NVDA_2026.htm
Total assets,206803.0,Millions (USD),FY,NVDA_2026.htm
Short-term debt,999.0,Millions (USD),FY,NVDA_2026.htm
Long-term debt,7469.0,Millions (USD),FY,NVDA_2026.htm
Retained earnings,146973.0,Millions (USD),FY,NVDA_2026.htm
Net income,29760.0,Millions (USD),FY,NVDA_2026.htm
Net income,72880.0,Millions (USD),FY,NVDA_2026.htm
Proceeds from sales of marketable securities,15157.0,Millions (USD),FY,NVDA_2026.htm
Proceeds from maturities of marketable securities,11226.0,Millions (USD),FY,NVDA_2026.htm
Proceeds from sales of non-marketable equity securities,84.0,Millions (USD),FY,NVDA_2026.htm
Change in cash and cash equivalents,2016.0,Millions (USD),FY,NVDA_2026.htm
Cash and cash equivalents at beginning of period,8589.0,Millions (USD),FY,NVDA_2026.htm
Cash and cash equivalents at end of period,10605.0,Millions (USD),FY,NVDA_2026.htm
Cost of revenue,261.0,Millions (USD),FY,NVDA_2026.htm
"Sales, general and administrative",1449.0,Millions (USD),FY,NVDA_2026.htm
Anti-dilutive equity awards excluded from diluted net income per share,41.0,Millions (USD),FY,NVDA_2026.htm
Debt securities issued by the U.S. Treasury,21635.0,Millions (USD),FY,NVDA_2026.htm
Corporate debt securities,15410.0,Millions (USD),FY,NVDA_2026.htm
Debt securities issued by U.S. government agencies,2157.0,Millions (USD),FY,NVDA_2026.htm
Corporate debt securities,18504.0,Millions (USD),FY,NVDA_2026.htm
Debt securities issued by the U.S. Treasury,16749.0,Millions (USD),FY,NVDA_2026.htm
Debt securities issued by U.S. government agencies,2775.0,Millions (USD),FY,NVDA_2026.htm
Deferred revenue (2),1379.0,Millions (USD),FY,NVDA_2026.htm
Deferred revenue (2),1193.0,Millions (USD),FY,NVDA_2026.htm
Deferred revenue additions (1),11137.0,Millions (USD),FY,NVDA_2026.htm
Tax expense computed at federal statutory rate,17645.0,Millions (USD),FY,NVDA_2026.htm
Income tax expense,11146.0,Millions (USD),FY,NVDA_2026.htm
Revenue,193479.0,Millions (USD),FY,NVDA_2026.htm
Operating income,130141.0,Millions (USD),FY,NVDA_2026.htm
Revenue,116193.0,Millions (USD),FY,NVDA_2026.htm
Operating income,82875.0,Millions (USD),FY,NVDA_2026.htm
Revenue,47405.0,Millions (USD),FY,NVDA_2026.htm
Operating income,32016.0,Millions (USD),FY,NVDA_2026.htm
Segment operating income,139297.0,Millions (USD),FY,NVDA_2026.htm
Total revenue,215938.0,Millions (USD),FY,NVDA_2026.htm
Automotive sales,65821.0,Millions (USD),FY,TSLA_2026.htm
Total automotive revenues,69526.0,Millions (USD),FY,TSLA_2026.htm
Total automotive & services and other segment revenue,82056.0,Millions (USD),FY,TSLA_2026.htm
Energy generation and storage segment revenue,12771.0,Millions (USD),FY,TSLA_2026.htm
Total revenues,94827.0,Millions (USD),FY,TSLA_2026.htm
Automotive sales,56267.0,Millions (USD),FY,TSLA_2026.htm
Total automotive cost of revenues,57165.0,Millions (USD),FY,TSLA_2026.htm
Total automotive & services and other segment cost of revenues,68764.0,Millions (USD),FY,TSLA_2026.htm
Total cost of revenues,77733.0,Millions (USD),FY,TSLA_2026.htm
Gross profit total automotive,12361.0,Millions (USD),FY,TSLA_2026.htm
Gross margin total automotive,17.8,Millions (USD),FY,TSLA_2026.htm
Gross profit total automotive & services and other segment,13292.0,Millions (USD),FY,TSLA_2026.htm
Gross margin total automotive & services and other segment,16.2,Millions (USD),FY,TSLA_2026.htm
Gross profit energy generation and storage segment,3802.0,Millions (USD),FY,TSLA_2026.htm
Gross margin energy generation and storage segment,29.8,Millions (USD),FY,TSLA_2026.htm
Total gross profit,17094.0,Millions (USD),FY,TSLA_2026.htm
Total gross margin,18.0,Millions (USD),FY,TSLA_2026.htm
As a percentage of revenues,7.0,Millions (USD),FY,TSLA_2026.htm
As a percentage of revenues,6.0,Millions (USD),FY,TSLA_2026.htm
Cash and cash equivalents,16513.0,Millions (USD),FY,TSLA_2026.htm
Total assets,137806.0,Millions (USD),FY,TSLA_2026.htm
Deferred revenue,3424.0,Millions (USD),FY,TSLA_2026.htm
Current portion of debt and finance leases,1640.0,Millions (USD),FY,TSLA_2026.htm
"Debt and finance leases, net of current portion",6736.0,Millions (USD),FY,TSLA_2026.htm
"Deferred revenue, net of current portion",3631.0,Millions (USD),FY,TSLA_2026.htm
Retained earnings,39003.0,Millions (USD),FY,TSLA_2026.htm
Gross profit,17094.0,Millions (USD),FY,TSLA_2026.htm
Total operating expenses,12739.0,Millions (USD),FY,TSLA_2026.htm
Net income,3855.0,Millions (USD),FY,TSLA_2026.htm
Net income attributable to common stockholders,3794.0,Millions (USD),FY,TSLA_2026.htm
Net loss realized and included in net income,4.0,Millions (USD),FY,TSLA_2026.htm
Net income,6.0,Millions (USD),FY,TSLA_2026.htm
Net income,4.0,Millions (USD),FY,TSLA_2026.htm
Deferred revenue,363.0,Millions (USD),FY,TSLA_2026.htm
Proceeds from sales of investments,200.0,Millions (USD),FY,TSLA_2026.htm
Proceeds from issuances of debt,5586.0,Millions (USD),FY,TSLA_2026.htm
Effect of exchange rate changes on cash and cash equivalents and restricted cash,171.0,Millions (USD),FY,TSLA_2026.htm
Net increase (decrease) in cash and cash equivalents and restricted cash,579.0,Millions (USD),FY,TSLA_2026.htm
"Cash and cash equivalents and restricted cash, beginning of period",17037.0,Millions (USD),FY,TSLA_2026.htm
"Cash and cash equivalents and restricted cash, end of period",17616.0,Millions (USD),FY,TSLA_2026.htm
Energy generation and storage sales,12270.0,Millions (USD),FY,TSLA_2026.htm
Total revenues from sales and services,92614.0,Millions (USD),FY,TSLA_2026.htm
Deferred revenue — beginning of period,3599.0,Millions (USD),FY,TSLA_2026.htm
Deferred revenue — end of period,3867.0,Millions (USD),FY,TSLA_2026.htm
Net income used in computing basic and diluted net income per share of common stock,3794.0,Millions (USD),FY,TSLA_2026.htm
"Weighted average shares used in computing net income per share of common stock, basic",3225.0,Millions (USD),FY,TSLA_2026.htm
"Weighted average shares used in computing net income per share of common stock, diluted",3528.0,Millions (USD),FY,TSLA_2026.htm
Retained earnings,27882.0,Millions (USD),FY,TSLA_2026.htm
Corporate debt securities,8.0,Millions (USD),FY,TSLA_2026.htm
Corporate debt securities,117.0,Millions (USD),FY,TSLA_2026.htm
"Sales return reserve, current portion",529.0,Millions (USD),FY,TSLA_2026.htm
Total recourse debt,1.0,Millions (USD),FY,TSLA_2026.htm
Cash Equity Debt,21.0,Millions (USD),FY,TSLA_2026.htm
Total non-recourse debt,1568.0,Millions (USD),FY,TSLA_2026.htm
Total debt,1569.0,Millions (USD),FY,TSLA_2026.htm
Total debt and finance leases,1640.0,Millions (USD),FY,TSLA_2026.htm
Total recourse debt,4.0,Millions (USD),FY,TSLA_2026.htm
Cash Equity Debt,30.0,Millions (USD),FY,TSLA_2026.htm
Total non-recourse debt,2339.0,Millions (USD),FY,TSLA_2026.htm
Total debt,2343.0,Millions (USD),FY,TSLA_2026.htm
Total debt and finance leases,2456.0,Millions (USD),FY,TSLA_2026.htm
Current portion of long-term debt and finance leases,71.0,Millions (USD),FY,TSLA_2026.htm
"Long-term debt and finance leases, net of current portion",152.0,Millions (USD),FY,TSLA_2026.htm
Net investment in sales-type leases,240.0,Millions (USD),FY,TSLA_2026.htm
Cost of revenues,870.0,Millions (USD),FY,TSLA_2026.htm
Deferred revenue,999.0,Millions (USD),FY,TSLA_2026.htm
Cash and cash equivalents,109.0,Millions (USD),FY,TSLA_2026.htm
Total assets,3134.0,Millions (USD),FY,TSLA_2026.htm
Deferred revenue,6.0,Millions (USD),FY,TSLA_2026.htm
Current portion of debt and finance leases,1364.0,Millions (USD),FY,TSLA_2026.htm
"Deferred revenue, net of current portion",60.0,Millions (USD),FY,TSLA_2026.htm
"Debt and finance leases, net of current portion",1679.0,Millions (USD),FY,TSLA_2026.htm
Revenues,82056.0,Millions (USD),FY,TSLA_2026.htm
Cost of revenues (1),68764.0,Millions (USD),FY,TSLA_2026.htm
Gross profit,13292.0,Millions (USD),FY,TSLA_2026.htm
Revenues,12771.0,Millions (USD),FY,TSLA_2026.htm
Cost of revenues (2),8969.0,Millions (USD),FY,TSLA_2026.htm
Gross profit,3802.0,Millions (USD),FY,TSLA_2026.htm
