sentence,candidate_line_item,candidate_value,numeric_value_match,numeric_value_close,keyword_overlap,period_match,string_similarity,sentence_length,line_item_name_length,embedding_cosine_similarity,label
Effective tax rate was 16.5% for the fiscal year.,Operating income,133050.0,0,0,0.0,0,0.2462,49,16,0.3207,ambiguous
"Compute & Networking revenue totaled $47,405 million driven by data center GPU demand.","Selling, general and administrative",2654.0,0,0,0.0,0,0.3471,86,35,0.0951,no_match
"Total gross margin expanded to $195,201 million in 2025 compared to prior year.","Accounts receivable, net",9999.0,0,0,0.0,0,0.2136,79,24,0.0498,no_match
AWS segment sales expanded to $90.8 billion for the full calendar period.,Net service sales,319250.0,0,0,1.0,0,0.2444,73,17,0.2796,ambiguous
"Restructuring and severance charges reduced operating profit by $2,100 million.",Operating expenses,62151.0,0,0,0.0,0,0.268,79,18,0.4185,ambiguous
"AWS operating income was $24,631 million, representing 67% of total operating income.",Operating income,36852.0,0,0,1.0,0,0.2376,85,16,0.5367,ambiguous
Total liquidity headroom including undrawn credit facilities reached $52 billion.,Cash and cash equivalents,35934.0,0,0,0.0,0,0.283,81,25,0.1922,ambiguous
"Alphabet reported total revenues of $307,394 million for the fiscal period.",Total revenues,307394.0,1,1,1.0,0,0.2697,75,14,0.6132,match
"Non-current term debt was reported at $78,328 million at year-end.",Term debt,78328.0,1,1,1.0,0,0.16,66,9,0.6279,match
"Inventories at fiscal year-end were $5,282 million.",Inventories,5282.0,1,1,0.0,0,0.3548,51,11,0.4409,match
"Proceeds from maturities of marketable securities provided $40,907 million in operating liquidity.",Term debt,78328.0,0,0,0.0,0,0.1495,98,9,0.1208,no_match
"Total automotive cost of revenues was $65,121 million.",Operating income,8891.0,0,0,0.0,0,0.2286,54,16,0.2589,no_match
Total debt obligations including term debt and commercial paper stood at $90.6 billion.,Term debt,78328.0,0,0,1.0,0,0.1667,87,9,0.6174,ambiguous
"Compute & Networking revenue totaled $47,405 million driven by data center GPU demand.",Graphics,13517.0,0,0,0.0,0,0.0851,86,8,0.1311,no_match
"Cash and cash equivalents as of the balance sheet date totaled $35,934 million.",Total cost of sales,220960.0,0,0,0.0,0,0.2857,79,19,0.3041,no_match
Energy storage deployments increased 125% generating record margins.,Energy generation and storage,6035.0,0,0,0.0,0,0.5361,68,29,0.5049,ambiguous
"Accounts receivable, net stood at $9,999 million.","Accounts receivable, net",9999.0,1,1,0.0,0,0.6575,49,24,0.6402,match
"The Company reported operating income of $133,050 million for fiscal 2025.",Operating income,133050.0,1,1,1.0,0,0.2444,74,16,0.6788,match
"Tesla total automotive revenues reached $82,419 million despite macroeconomic headwinds.",Energy generation and storage,6035.0,0,0,0.0,0,0.2735,88,29,0.0868,no_match
"Term debt due within one year amounted to $12,350 million.",Term debt,12350.0,1,1,1.0,0,0.2687,58,9,0.7241,match
"Graphics segment revenue totaled $13,517 million.",Graphics,13517.0,1,1,0.0,0,0.2807,49,8,0.3224,match
"Microsoft reported operating income of $109,433 million for the fiscal period.",Payments for repurchase of common stock,9532.0,0,0,0.0,0,0.3932,78,39,0.1166,no_match
"Amazon reported net product sales of $255,890 million during the fiscal year.",Net product sales,255890.0,1,1,1.0,0,0.3404,77,17,0.6283,match
"General and administrative expenses totaled $7,905 million for the fiscal year.",General and administrative,7905.0,1,1,0.0,0,0.4952,79,26,0.3347,match
"Net income for the year was $29,760 million.",Net income,29760.0,1,1,1.0,0,0.3704,44,10,0.6651,match
Gross margin percentage reached 46.9% of total net sales.,Total gross margin,195201.0,0,0,0.5,0,0.32,57,18,0.7724,ambiguous
"Google Services operating income was $95,860 million before unallocated corporate overhead.",Operating income,84293.0,0,0,1.0,0,0.2243,91,16,0.4835,ambiguous
"Proceeds from maturities of marketable securities provided $40,907 million in operating liquidity.",Proceeds from maturities of marketable securities,40907.0,1,1,1.0,0,0.6667,98,49,0.7065,match
"Net service sales reached $319,250 million driven by AWS and third-party seller growth.",Fulfillment,92540.0,0,0,0.0,0,0.1224,87,11,0.1468,no_match
Cost of sales decreased 3% excluding tariff and supply chain friction costs.,Total cost of sales,220960.0,0,0,1.0,0,0.3579,76,19,0.614,ambiguous
"Total operating expenses were $62,151 million, primarily comprising R&D and SG&A expenditures.",Cash and cash equivalents,35934.0,0,0,0.0,0,0.2521,94,25,0.1653,no_match
"Selling, general and administrative expenses were $2,654 million.","Selling, general and administrative",2654.0,1,1,0.0,0,0.7,65,35,0.4964,match
"Free cash flow generated was $27,021 million.",Cost of revenues,133332.0,0,0,0.0,0,0.2623,45,16,0.4613,no_match
Europe net sales expanded to approximately $95 billion during the fiscal year.,Total net sales,416161.0,0,0,1.0,0,0.3011,78,15,0.545,ambiguous
"Tesla operating income stood at $8,891 million at fiscal year-end.",Operating income,8891.0,1,1,1.0,0,0.2683,66,16,0.4282,match
Data Center revenue surged 217% to $47.5 billion.,Compute & Networking,47405.0,0,0,0.0,0,0.2899,49,20,0.2234,ambiguous
"Total automotive cost of revenues was $65,121 million.",Automotive cost of revenues,65121.0,1,1,1.0,0,0.642,54,27,0.8141,match
"Total operating expenses were $62,151 million, primarily comprising R&D and SG&A expenditures.",Total operating expenses,62151.0,1,1,1.0,0,0.4068,94,24,0.7389,match
"Total net sales reached $416,161 million during the fiscal year 2025, driven by growth in iPhone and Services.",Total net sales,416161.0,1,1,1.0,0,0.24,110,15,0.715,match
"Total assets stood at $359,241 million at fiscal year-end.","Selling, general and administrative",2654.0,0,0,0.0,0,0.3011,58,35,0.1454,no_match
The Company's total revenue grew approximately 30% to $60.9 billion.,Total revenue,60922.0,0,0,1.0,0,0.2963,68,13,0.625,ambiguous
"Google Cloud revenues reached $33,088 million, reflecting strong enterprise AI adoption.",Google Cloud,33088.0,1,1,0.0,0,0.24,88,12,0.532,match
"Research and development expense was $8,675 million.",Research and development,8675.0,1,1,0.0,0,0.6316,52,24,0.2845,match
Fulfillment center square footage grew 15% to support third-party merchant volumes.,Fulfillment,92540.0,0,0,0.0,0,0.234,83,11,0.4783,ambiguous
"Cash generated from operations totaled $118,548 million.",Diluted earnings per share,11.8,0,0,0.0,0,0.3171,56,26,0.2572,no_match
Cash and marketable investments were in excess of $132 billion as of September 2025.,Cash and cash equivalents,35934.0,0,0,0.0,0,0.3486,84,25,0.3517,ambiguous
"Net income for the full year stood at $112,010 million reflecting disciplined operational execution.",Payments for dividends,395.0,0,0,0.0,0,0.2131,100,22,0.1621,no_match
"Total shareholders' equity reached $42,978 million.",Total shareholders' equity,42978.0,1,1,0.0,0,0.6753,51,26,0.7377,match
"Amazon's consolidated operating income stood at $36,852 million for the full fiscal year.",Net product sales,255890.0,0,0,0.0,0,0.2075,89,17,0.1835,no_match
"Energy generation and storage revenue grew to $6,035 million.",Energy generation and storage,6035.0,1,1,0.0,0,0.6444,61,29,0.5843,match
"Adjusted EBITDA reached $14,650 million for the trailing twelve months.",Operating income,8891.0,0,0,0.0,0,0.2069,71,16,0.2692,ambiguous
"Total cost of sales was $220,960 million in 2025 due to higher manufacturing volume.",Total cost of sales,220960.0,1,1,1.0,0,0.3689,84,19,0.7274,match
"Free cash flow generated was $27,021 million.",Free cash flow,27021.0,1,1,1.0,0,0.4746,45,14,0.6181,match
Operating margin was 34.5% driven by operational efficiencies.,Operating income,109433.0,0,0,0.0,0,0.3846,62,16,0.4066,ambiguous
Dividends paid to shareholders totaled $395 million.,Operating income,32972.0,0,0,0.0,0,0.2059,52,16,0.2579,no_match
Dividends paid to shareholders totaled $395 million.,Payments for dividends,395.0,1,1,0.0,0,0.3243,52,22,0.5544,match
"Non-current term debt was reported at $78,328 million at year-end.",Total operating expenses,62151.0,0,0,0.0,0,0.3111,66,24,0.3214,no_match
Deferred revenue totaled approximately $13.7 billion across short-term and long-term commitments.,Deferred revenue,9055.0,0,0,1.0,0,0.2832,97,16,0.7285,ambiguous
"Gross profit totaled $17,660 million for the year.",Automotive cost of revenues,65121.0,0,0,0.0,0,0.2857,50,27,0.4396,no_match
"NVIDIA reported total revenue of $60,922 million, surging 126% year-over-year.",Total revenue,60922.0,1,1,1.0,0,0.2198,78,13,0.5876,match
R&D investments represented 14.2% of total net sales during the year.,Research and development,8675.0,0,0,0.0,0,0.2581,69,24,0.0774,ambiguous
"Cash and cash equivalents as of the balance sheet date totaled $35,934 million.",Cash and cash equivalents,35934.0,1,1,1.0,0,0.4808,79,25,0.5343,match
"Total shareholders' equity reached $42,978 million.",Cash flows from operating activities,118548.0,0,0,0.0,0,0.2989,51,36,0.1913,no_match
Americas net sales represented roughly 42% of consolidated revenue.,Total net sales,416161.0,0,0,0.5,0,0.2927,67,15,0.6723,ambiguous
"Technology and infrastructure expenses grew to $85,620 million.",Technology and content,85620.0,1,1,0.0,0,0.4706,63,22,0.2047,match
"Operating income for Alphabet expanded to $84,293 million.",Operating income,84293.0,1,1,1.0,0,0.4324,58,16,0.5575,match
"Consolidated net income reached $88,136 million for the fiscal year.",Capital expenditures,44477.0,0,0,0.0,0,0.25,68,20,0.3718,no_match
"NVIDIA reported total revenue of $60,922 million, surging 126% year-over-year.",Research and development,8675.0,0,0,0.0,0,0.1961,78,24,-0.0097,no_match
"Additions to property and equipment totaled $44,477 million to support cloud infrastructure.",Capital expenditures,44477.0,1,1,0.0,0,0.2679,92,20,0.2513,match
"Google Services revenues were $272,504 million.",Google Services,272504.0,1,1,0.0,0,0.4839,47,15,0.5346,match
"Operating income was $68.6 billion and $80.0 billion for 2024 and 2025, respectively.",Operating income,84293.0,0,0,1.0,0,0.3168,85,16,0.6806,ambiguous
"Energy generation and storage revenue grew to $6,035 million.",Services and other,8319.0,0,0,0.0,0,0.2532,61,18,-0.0079,no_match
"Amazon's consolidated operating income stood at $36,852 million for the full fiscal year.",Operating income,36852.0,1,1,1.0,0,0.2095,89,16,0.4514,match
"Tesla operating income stood at $8,891 million at fiscal year-end.",Total automotive revenues,82419.0,0,0,0.0,0,0.3077,66,25,0.4121,no_match
"General and administrative expenses totaled $7,905 million for the fiscal year.",Total assets,359241.0,0,0,0.0,0,0.1758,79,12,0.3687,no_match
"Google Cloud revenues reached $33,088 million, reflecting strong enterprise AI adoption.",Cost of revenues,133332.0,0,0,1.0,0,0.2885,88,16,0.3956,no_match
"Operating income rose dramatically to $32,972 million.",Operating income,32972.0,1,1,1.0,0,0.4571,54,16,0.5673,match
"Selling, general and administrative expenses were $2,654 million.",Total shareholders' equity,42978.0,0,0,0.0,0,0.2198,65,26,0.2309,no_match
Diluted earnings per share adjusted for restructuring costs was $6.25.,Diluted earnings per share,5.8,0,0,1.0,0,0.5417,70,26,0.7649,ambiguous
"Net service sales reached $319,250 million driven by AWS and third-party seller growth.",Net service sales,319250.0,1,1,1.0,0,0.3269,87,17,0.5898,match
Capital return program returned over $95 billion to shareholders via repurchases and dividends.,Payments for repurchase of common stock,9532.0,0,0,0.0,0,0.3731,95,39,0.4983,ambiguous
"Additions to property and equipment totaled $44,477 million to support cloud infrastructure.",Revenue,245123.0,0,0,0.0,0,0.101,92,7,0.2607,no_match
"Consolidated net income reached $88,136 million for the fiscal year.",Net income,88136.0,1,1,1.0,0,0.2051,68,10,0.6299,match
"Cost of sales for the retail and subscription segments totaled $304,510 million.",Operating income,36852.0,0,0,0.0,0,0.1875,80,16,0.1764,no_match
"Gross profit totaled $17,660 million for the year.",Total gross profit,17660.0,1,1,1.0,0,0.3529,50,18,0.766,match
Gross margin on energy products expanded to 24.5%.,Total gross profit,17660.0,0,0,0.0,0,0.2941,50,18,0.4751,ambiguous
"Compute & Networking revenue totaled $47,405 million driven by data center GPU demand.",Compute & Networking,47405.0,1,1,0.0,0,0.3774,86,20,0.5424,match
"Total liabilities stood at $22,752 million.",Compute & Networking,47405.0,0,0,0.0,0,0.2222,43,20,0.0881,no_match
"YouTube advertising revenue rose to $31,510 million.",Google Services,272504.0,0,0,0.0,0,0.2388,52,15,0.0878,ambiguous
"Microsoft recognized total revenue of $245,123 million across all commercial and consumer segments.",General and administrative,7905.0,0,0,0.0,0,0.256,99,26,0.0204,no_match
"Proceeds from sales of marketable securities were $12,890 million during the reporting period.",Proceeds from sales of marketable securities,12890.0,1,1,1.0,0,0.6377,94,44,0.7585,match
"NVIDIA gross margin reached $44,301 million reflecting high pricing power.",Gross profit,44301.0,1,1,0.0,0,0.2093,74,12,0.3913,match
"Alphabet cost of revenues stood at $133,332 million.",Net income,73795.0,0,0,0.0,0,0.2258,52,10,0.2398,no_match
Foreign currency fluctuations reduced revenue growth by approximately 2.5 percentage points.,Total revenues,307394.0,0,0,1.0,0,0.2075,92,14,0.3926,ambiguous
"Fulfillment expenses totaled $92,540 million to support expanding logistics infrastructure.",Net service sales,319250.0,0,0,0.0,0,0.2222,91,17,0.324,no_match
Diluted earnings per share was $11.80 for the twelve-month period.,Diluted earnings per share,11.8,1,1,1.0,0,0.5652,66,26,0.7746,match
"Total liabilities stood at $22,752 million.",Total liabilities,22752.0,1,1,0.0,0,0.5667,43,17,0.6966,match
"Non-GAAP net income was $32,150 million excluding stock-based compensation.",Net income,29760.0,0,0,1.0,0,0.2353,75,10,0.5688,ambiguous
"Alphabet reported total revenues of $307,394 million for the fiscal period.",Operating income,84293.0,0,0,0.0,0,0.1978,75,16,0.322,no_match
"Services and other revenue contributed $8,319 million.",Automotive cost of revenues,65121.0,0,0,1.0,0,0.3951,54,27,0.3866,no_match
"Google Network revenues totaled $31,311 million.",Google Services,272504.0,0,0,0.0,0,0.381,48,15,0.3597,ambiguous
"Cash and cash equivalents including restricted cash totaled $36,250 million.",Cash and cash equivalents,35934.0,1,1,1.0,0,0.495,76,25,0.5195,ambiguous
"Net income was $73,795 million with diluted EPS of $5.80.",Google Cloud,33088.0,0,0,0.0,0,0.1739,57,12,0.0005,no_match
"Total net sales reached $416,161 million during the fiscal year 2025, driven by growth in iPhone and Services.",Term debt,12350.0,0,0,0.0,0,0.1345,110,9,0.2462,no_match
"Proceeds from sales of marketable securities were $12,890 million during the reporting period.",Deferred revenue,9055.0,0,0,0.0,0,0.2182,94,16,0.2919,no_match
"Operating income rose dramatically to $32,972 million.","Accounts receivable, net",9999.0,0,0,0.0,0,0.2564,54,24,0.007,no_match
"Google Services revenues were $272,504 million.",Cost of revenues,133332.0,0,0,1.0,0,0.4127,47,16,0.4903,no_match
"Total assets stood at $359,241 million at fiscal year-end.",Total assets,359241.0,1,1,1.0,0,0.3429,58,12,0.6457,match
"Microsoft recognized total revenue of $245,123 million across all commercial and consumer segments.",Research and development,29510.0,0,0,0.0,0,0.2602,99,24,-0.017,no_match
Subscription services revenue grew 14% to $40.2 billion.,Net service sales,319250.0,0,0,0.0,0,0.3288,56,17,0.4148,ambiguous
"Term debt due within one year amounted to $12,350 million.",Proceeds from maturities of marketable securities,40907.0,0,0,0.0,0,0.3738,58,49,0.1151,no_match
"Services and other revenue contributed $8,319 million.",Services and other,8319.0,1,1,0.0,0,0.5,54,18,0.2747,match
"The Company reported operating income of $133,050 million for fiscal 2025.",Inventories,5282.0,0,0,0.0,0,0.1647,74,11,0.1714,no_match
"Accounts receivable, net stood at $9,999 million.",Operating income,32972.0,0,0,0.0,0,0.2462,49,16,0.304,no_match
Operating cash flow margin was 28.5% of total sales.,Cash flows from operating activities,118548.0,0,0,0.0,0,0.3636,52,36,0.4982,ambiguous
"Commercial remaining performance obligation totaled $268 billion, of which 45% will be recognized within 12 months.",Short-term unearned revenue,193.0,0,0,0.0,0,0.2535,115,27,0.3886,ambiguous
"Amazon reported net product sales of $255,890 million during the fiscal year.",Fulfillment,92540.0,0,0,0.0,0,0.1591,77,11,0.2206,no_match
"Microsoft reported operating income of $109,433 million for the fiscal period.",Operating income,109433.0,1,1,1.0,0,0.2553,78,16,0.5577,match
"Alphabet cost of revenues stood at $133,332 million.",Cost of revenues,133332.0,1,1,1.0,0,0.4412,52,16,0.631,match
"Cash, cash equivalents and marketable securities totaled $25,984 million at year-end.","Cash, cash equivalents and marketable securities",25984.0,1,1,1.0,0,0.7218,85,48,0.5722,match
