ticker,cik,company,sector,gold,filepath,url,download_date,file_size_bytes,sha256
AAPL,0000320193,"Apple Inc.",Tech,True,data\raw\sec\CIK0000320193.json,https://data.sec.gov/api/xbrl/companyfacts/CIK0000320193.json,2026-10-09 00:24:33,3789099,73a86c6aedc31f77cac2ea4df5f80f0b3bd7e6eb58bb4e01444fbedf3afb9c43
MSFT,0000789019,"Microsoft Corp.",Tech,True,data\raw\sec\CIK0000789019.json,https://data.sec.gov/api/xbrl/companyfacts/CIK0000789019.json,2026-10-09 00:24:33,4881196,f8aae2965b20ad0df44bdf7ccbedf797d275b6b8dc030154a7a311361bb7246f
TSLA,0001318605,"Tesla Inc.",Tech,True,data\raw\sec\CIK0001318605.json,https://data.sec.gov/api/xbrl/companyfacts/CIK0001318605.json,2026-10-09 00:24:33,3641344,d0c2b9288d027a6d735039a6fe874a348b65a7fdbc6c133130666c777c885204
NVDA,0001045810,"NVIDIA Corp.",Tech,True,data\raw\sec\CIK0001045810.json,https://data.sec.gov/api/xbrl/companyfacts/CIK0001045810.json,2026-10-09 00:24:33,4092966,19ef503a5770f5660964b3c3aea6937579d9b359da344afe6a9adf59c63d26ff
AMZN,0001018724,"Amazon.com Inc.",Tech,True,data\raw\sec\CIK0001018724.json,https://data.sec.gov/api/xbrl/companyfacts/CIK0001018724.json,2026-10-09 00:24:33,4478611,7549fb68446eee40e1f50a166fa06b2d2ee6349e07c8553a4828757e032d3cd4
GOOGL,0001652044,"Alphabet Inc.",Tech,True,data\raw\sec\CIK0001652044.json,https://data.sec.gov/api/xbrl/companyfacts/CIK0001652044.json,2026-10-09 00:24:33,3164517,a017f26ee88cb4a639d1c1ddb06d53b4afe22f0ac89cabec7cd67c88919fe1c5
ORCL,0001341439,"Oracle Corp.",Tech,False,data\raw\sec\CIK0001341439.json,https://data.sec.gov/api/xbrl/companyfacts/CIK0001341439.json,2026-10-09 00:24:33,3962105,65523545f040abaea1dfcf321da2a5aec85e7f34387244b0ffcb26e4c8707f7d
JNJ,0000200406,"Johnson & Johnson",Healthcare,False,data\raw\sec\CIK0000200406.json,https://data.sec.gov/api/xbrl/companyfacts/CIK0000200406.json,2026-10-09 00:24:33,4168526,7141c0c988fa1d30f779687b4c78ab561e19aa5990a58ad86a66467d0a783980
PFE,0000078003,"Pfizer Inc.",Healthcare,False,data\raw\sec\CIK0000078003.json,https://data.sec.gov/api/xbrl/companyfacts/CIK0000078003.json,2026-10-09 00:24:33,5032767,bd072131f9dcf001f22e843fded5910c2c7fc178e2a739ce0c58b1934e84d566
UNH,0000731766,"UnitedHealth Group Inc.",Healthcare,False,data\raw\sec\CIK0000731766.json,https://data.sec.gov/api/xbrl/companyfacts/CIK0000731766.json,2026-10-09 00:24:33,4384010,6c9dff59732b7c597542b2d5eadaae0313ca0de03defdba2c00203e693632d76
LLY,0000059478,"Eli Lilly & Co.",Healthcare,False,data\raw\sec\CIK0000059478.json,https://data.sec.gov/api/xbrl/companyfacts/CIK0000059478.json,2026-10-09 00:24:33,3523596,3fe29099e6efaef9acac95711c271de1a644602939ea18487e29708310985942
ABT,0000001800,"Abbott Laboratories",Healthcare,False,data\raw\sec\CIK0000001800.json,https://data.sec.gov/api/xbrl/companyfacts/CIK0000001800.json,2026-10-09 00:24:33,3386107,5d751f73769f5c0a1f9bee0de16cb39d8961cf3f1ebb5558d555bb2678afb4ff
JPM,0000019617,"JPMorgan Chase & Co.",Banking,False,data\raw\sec\CIK0000019617.json,https://data.sec.gov/api/xbrl/companyfacts/CIK0000019617.json,2026-10-09 00:24:33,7977777,2f82056391eb16c6bc8e8a7434de75c3f5161190e68ef4137c27e05065275827
BAC,0000070858,"Bank of America Corp.",Banking,False,data\raw\sec\CIK0000070858.json,https://data.sec.gov/api/xbrl/companyfacts/CIK0000070858.json,2026-10-09 00:24:33,6888180,a19e195ef148b3b7ced44a7a7cecad1bb4af7f9aefd534ef968108d594110c1e
WFC,0000072971,"Wells Fargo & Co.",Banking,False,data\raw\sec\CIK0000072971.json,https://data.sec.gov/api/xbrl/companyfacts/CIK0000072971.json,2026-10-09 00:24:33,7811482,c50f6a63d00c4b709714e0244a4c8ad0141ebe4263833dcd39331efcda5b53b0
C,0000831001,"Citigroup Inc.",Banking,False,data\raw\sec\CIK0000831001.json,https://data.sec.gov/api/xbrl/companyfacts/CIK0000831001.json,2026-10-09 00:24:33,8895342,eaee7e96593be8998e946e9ed241982e04853733503bbc3c3a5cc4bec296b9b6
GS,0000886982,"Goldman Sachs Group Inc.",Banking,False,data\raw\sec\CIK0000886982.json,https://data.sec.gov/api/xbrl/companyfacts/CIK0000886982.json,2026-10-09 00:24:33,6001319,4159fd8a3c5c4524146fa2ea1ee537f5f43f00faebb5b7e74ff0632d5ce7d0dc
MS,0000895421,"Morgan Stanley",Banking,False,data\raw\sec\CIK0000895421.json,https://data.sec.gov/api/xbrl/companyfacts/CIK0000895421.json,2026-10-09 00:24:33,7154649,6be1a6cdbe630df78914e65e909bf465a5c0adcad5c59a6bb9c346ed52019690
XOM,0000034088,"Exxon Mobil Corp.",Energy,False,data\raw\sec\CIK0000034088.json,https://data.sec.gov/api/xbrl/companyfacts/CIK0000034088.json,2026-10-09 00:24:33,3122723,9b95535419e5662e3deed01de803e83deead477a4c81316e1c45186368fdd8b8
CVX,0000093410,"Chevron Corp.",Energy,False,data\raw\sec\CIK0000093410.json,https://data.sec.gov/api/xbrl/companyfacts/CIK0000093410.json,2026-10-09 00:24:33,4810683,c09b160603412cb45acf1bb9bf3732e531dedfb548afa0e275fd8aefd7ab397e
COP,0001163165,"ConocoPhillips",Energy,False,data\raw\sec\CIK0001163165.json,https://data.sec.gov/api/xbrl/companyfacts/CIK0001163165.json,2026-10-09 00:24:33,4981846,cccc8afe3602880e8f2909266e778aa195b42e745da669a801925c593720d2fc
SLB,0000087347,"Schlumberger Ltd.",Energy,False,data\raw\sec\CIK0000087347.json,https://data.sec.gov/api/xbrl/companyfacts/CIK0000087347.json,2026-10-09 00:24:33,3893114,8ae73ad4b096441afa9626e414020b112e1b1f3434938b01d26ea0aae504a822
EOG,0000821189,"EOG Resources Inc.",Energy,False,data\raw\sec\CIK0000821189.json,https://data.sec.gov/api/xbrl/companyfacts/CIK0000821189.json,2026-10-09 00:24:33,3514634,79f3107794b95507caaecb0a0817c98eca48a6cf6986fa1e01879c164c7b3da3
WMT,0000104169,"Walmart Inc.",Retail,False,data\raw\sec\CIK0000104169.json,https://data.sec.gov/api/xbrl/companyfacts/CIK0000104169.json,2026-10-09 00:24:33,3770257,54ec3fbf36dc203dd00a0333396b3df2b6695ecdf6cbb19b6ec41b053d86b517
TGT,0000027419,"Target Corp.",Retail,False,data\raw\sec\CIK0000027419.json,https://data.sec.gov/api/xbrl/companyfacts/CIK0000027419.json,2026-10-09 00:24:33,3761536,eb15a2cd524e99ff27675db78840d039ec4a68b9cc2dcb10accbcb299933a487
COST,0000909832,"Costco Wholesale Corp.",Retail,False,data\raw\sec\CIK0000909832.json,https://data.sec.gov/api/xbrl/companyfacts/CIK0000909832.json,2026-10-09 00:24:33,3694553,b675ced201b27ede2b0d26ca6fd873befe96a1afa9679339a2d0b964187dcdff
HD,0000354950,"Home Depot Inc.",Retail,False,data\raw\sec\CIK0000354950.json,https://data.sec.gov/api/xbrl/companyfacts/CIK0000354950.json,2026-10-09 00:24:33,3217710,aaf03befa1695d87ce1252bc08ca278b65be63782e46dc0b2858aab7a32c1be2
LOW,0000060667,"Lowe's Companies Inc.",Retail,False,data\raw\sec\CIK0000060667.json,https://data.sec.gov/api/xbrl/companyfacts/CIK0000060667.json,2026-10-09 00:24:33,3714927,7912551d61433f5e7e863ac602ebf24ee1484699e10aa556534f0055fff2ea7d
CAT,0000018230,"Caterpillar Inc.",Industrials,False,data\raw\sec\CIK0000018230.json,https://data.sec.gov/api/xbrl/companyfacts/CIK0000018230.json,2026-10-09 00:24:33,5868239,01ddc6ffa741f0a7da440e2949b2ed19cec14fab35435a398e3f3d0100019715
GE,0000040545,"General Electric Co.",Industrials,False,data\raw\sec\CIK0000040545.json,https://data.sec.gov/api/xbrl/companyfacts/CIK0000040545.json,2026-10-09 00:24:33,6101059,8c18acb17bbe0760fae6205c5df75b805480c58d4d1dbbabeba206d9ca36e1e3
HON,0000773840,"Honeywell International Inc.",Industrials,False,data\raw\sec\CIK0000773840.json,https://data.sec.gov/api/xbrl/companyfacts/CIK0000773840.json,2026-10-09 00:24:33,4558324,3ec36b94bcfb6c163227a5568ea524a2d714baae79e205929933cdb69ae3bcf7
LMT,0000936468,"Lockheed Martin Corp.",Industrials,False,data\raw\sec\CIK0000936468.json,https://data.sec.gov/api/xbrl/companyfacts/CIK0000936468.json,2026-10-09 00:24:33,3380288,aedb683271d2c57451a89db5afa42af45eaaa74c57bc544ddfb427762f785c01
MMM,0000066740,"3M Co.",Industrials,False,data\raw\sec\CIK0000066740.json,https://data.sec.gov/api/xbrl/companyfacts/CIK0000066740.json,2026-10-09 00:24:33,5241880,571391ded2a92e8cb1e7be5c22f3ac192f7fe9d4cada2dbdb985261297e6ecd4
